"","Lambda statistic","pvalue"
"1",864.302289543972,0
"2",380.254618360003,0
"3",104.890959291129,0
"4",289.261175281761,0
"5",342.912092475328,0
